Cabin (group),Cabin,Channel Type,Sub Channel Type,Ticket Type,Point of Sale,Rev (GBP) CY,Rev (GBP) PY,Passengers CY,Passengers PY,Average Fare (GBP) CY,Average Fare (GBP) PY
J,J,Consumer,Consolidator,IT Net,GB,"15,681","5,103",13,6,"1,206",851
J,J,Consumer,Consolidator,Published,NorAm,"5,983","3,391",13,4,460,848
J,J,Consumer,Consolidator,Published,Other,"1,974","6,605",4,12,494,550
J,J,Consumer,Consolidator,SME,GB,,"1,747",,1,,"1,747"
J,J,Consumer,Consolidator,SO Net,NorAm,"7,521","2,250",14,2,537,"1,125"
J,J,Consumer,Consolidator,VFR,GB,,"3,275",,6,,546
J,J,Consumer,OTA,IT Net,GB,,"1,491",,2,,746
J,J,Consumer,OTA,IT Net,Other,,599,,1,,599
J,J,Consumer,OTA,Net Fare,NorAm,,291,,2,,145
J,J,Consumer,OTA,Published,NorAm,"15,488","12,676",18,12,860,"1,056"
J,J,Consumer,OTA,Published,Other,"1,046","2,779",2,7,523,397
J,J,Consumer,OTA,SO Net,GB,927,,1,,927,
J,J,Consumer,OTA,SO Net,NorAm,"5,804","1,330",6,2,967,665
J,J,Consumer,OTA,SO Net,Other,"3,833","1,603",4,1,958,"1,603"
J,J,Consumer,Retail,IT Net,GB,"33,755","13,044",29,17,"1,164",767
J,J,Consumer,Retail,Portal,Other,,"2,447",,5,,489
J,J,Consumer,Retail,Published,GB,,"6,494",,6,,"1,082"
J,J,Consumer,Retail,Published,NorAm,"1,027",,2,,514,
J,J,Consumer,Retail,Published,Other,"4,688","8,537",2,9,"2,344",949
J,J,Consumer,Retail,SME,GB,"13,377","13,207",8,8,"1,672","1,651"
J,J,Consumer,Retail,SO Net,GB,"3,856","9,340",6,10,643,934
J,J,Consumer,Retail,SO Net,NorAm,"1,713",,2,,856,
J,J,Consumer,Retail,SO Net,Other,"1,602","1,488",2,2,801,744
J,J,Consumer,Student,SO Net,NorAm,"1,238",,2,,619,
J,J,Consumer,Tour Op / Cruise,IT Net,GB,"1,734","1,500",3,2,578,750
J,J,Consumer,Tour Op / Cruise,Published,NorAm,"7,526","4,877",8,14,941,348
J,J,Consumer,Tour Op / Cruise,Published,Other,"17,515",883,9,1,"1,946",883
J,J,Consumer,Tour Op / Cruise,SME,GB,"1,864",,1,,"1,864",
J,J,Consumer,VFR,IT Net,GB,"10,686","2,879",10,3,"1,069",960
J,J,Consumer,VFR,Published,GB,767,,1,,767,
J,J,Consumer,VFR,SME,GB,"2,811","7,278",2,4,"1,406","1,820"
J,J,Consumer,VFR,SO Net,GB,963,,1,,963,
J,J,Direct,ATO,Published,GB,303,501,1,2,303,250
J,J,Direct,ATO,Published,NorAm,"2,715","5,962",3,7,905,852
J,J,Direct,ATO,SO Net,Other,,583,,1,,583
J,J,Direct,CTO,Corporate,NorAm,,"1,259",,1,,"1,259"
J,J,Direct,CTO,Published,GB,"19,101","4,864",16,11,"1,194",442
J,J,Direct,CTO,Published,NorAm,"8,564","11,749",16,13,535,904
J,J,Direct,CTO,Published,Other,0,,1,,0,
J,J,Direct,CTO,SO Net,GB,,"2,654",,1,,"2,654"
J,J,Direct,OAL,Corporate,NorAm,"2,559","2,729",1,2,"2,559","1,365"
J,J,Direct,OAL,Published,NorAm,"99,222","84,185",71,78,"1,397","1,079"
J,J,Direct,Res,Corporate,GB,,251,,1,,251
J,J,Direct,Res,Published,GB,"19,044","51,672",54,89,353,581
J,J,Direct,Res,Published,NorAm,"12,869","27,046",23,46,560,588
J,J,Direct,Res,Published,Other,,288,,1,,288
J,J,Direct,Staff,Published,GB,854,279,96,13,9,21
J,J,Direct,Staff,SO Net,GB,,"2,665",,2,,"1,333"
J,J,Direct,STAFF,Published,GB,0,0,4,1,0,0
J,J,Direct,STAFF,Published,NorAm,38,342,2,1,19,342
J,J,Direct,Web,Published,GB,"87,609","58,647",90,93,973,631
J,J,Direct,Web,Published,NorAm,"108,134","79,762",84,87,"1,287",917
J,J,Direct,Web,Published,Other,"2,019",,1,,"2,019",
J,J,Direct,WNS,Published,GB,135,"4,973",1,12,135,414
J,J,Direct,WNS,Published,NorAm,"1,282","6,348",3,4,427,"1,587"
J,J,Direct,WNS,SO Net,GB,,"1,592",,2,,796
J,J,NULL,NULL,Corporate,NorAm,"9,832","18,373",5,9,"1,966","2,041"
J,J,NULL,NULL,Published,GB,"5,811",846,4,3,"1,453",282
J,J,NULL,NULL,Published,NorAm,"106,384","39,799",57,39,"1,866","1,020"
J,J,NULL,NULL,Published,Other,"8,284","2,173",7,2,"1,183","1,086"
J,J,NULL,NULL,SME,Other,"2,929",,4,,732,
J,J,Other,OAL,Published,GB,,"3,092",,2,,"1,546"
J,J,Other,OAL,Published,Other,,"3,667",,5,,733
J,J,Other,Unknown,Published,Other,786,"1,559",1,1,786,"1,559"
J,J,TMC,Consortia,Entertainment,GB,,"2,849",,1,,"2,849"
J,J,TMC,Consortia,IT Net,GB,"1,209",219,1,1,"1,209",219
J,J,TMC,Consortia,Published,GB,"1,269","6,172",1,1,"1,269","6,172"
J,J,TMC,Consortia,SME,GB,"22,042","11,029",11,4,"2,004","2,757"
J,J,TMC,Consortia,SO Net,GB,"1,250",,2,,625,
J,J,TMC,Consortia,SO Net,Other,,991,,1,,991
J,J,TMC,Consortia,Specialist,GB,971,,1,,971,
J,J,TMC,Global,Corporate,GB,"181,640","99,792",116,58,"1,566","1,721"
J,J,TMC,Global,Corporate,NorAm,"154,245","79,584",95,42,"1,624","1,895"
J,J,TMC,Global,IT Net,GB,,"1,757",,2,,878
J,J,TMC,Global,IT Net,NorAm,"1,713",,1,,"1,713",
J,J,TMC,Global,Net Fare,GB,,"2,930",,2,,"1,465"
J,J,TMC,Global,Published,GB,"15,250","39,963",6,21,"2,542","1,903"
J,J,TMC,Global,Published,NorAm,"163,760","214,612",104,142,"1,575","1,511"
J,J,TMC,Global,Published,Other,"21,556","30,352",19,18,"1,135","1,686"
J,J,TMC,Global,SME,GB,"69,438","84,152",39,46,"1,780","1,829"
J,J,TMC,Global,SME,Other,"11,035","8,849",11,6,"1,003","1,475"
J,J,TMC,Global,SO Net,GB,,896,,1,,896
J,J,TMC,Global,SO Net,Other,"5,047",,5,,"1,009",
J,J,TMC,Local,Corporate,GB,"74,490","32,702",38,18,"1,960","1,817"
J,J,TMC,Local,Corporate,NorAm,"4,052","2,797",2,2,"2,026","1,399"
J,J,TMC,Local,Corporate,Other,"1,998",,1,,"1,998",
J,J,TMC,Local,Group,GB,"12,844",,13,,988,
J,J,TMC,Local,IT Net,GB,,"4,506",,4,,"1,127"
J,J,TMC,Local,IT Net,NorAm,,"6,009",,2,,"3,004"
J,J,TMC,Local,Net Fare,NorAm,,"2,347",,2,,"1,173"
J,J,TMC,Local,Published,GB,"18,154","31,591",16,14,"1,135","2,257"
J,J,TMC,Local,Published,NorAm,"258,533","108,097",154,60,"1,679","1,802"
J,J,TMC,Local,Published,Other,"16,138","32,369",12,21,"1,345","1,541"
J,J,TMC,Local,SME,GB,"136,353","109,989",70,66,"1,948","1,667"
J,J,TMC,Local,SO Net,Other,298,"1,314",1,1,298,"1,314"
J,J,TMC,Local,Specialist,GB,"16,011","10,202",22,10,728,"1,020"
J,J,TMC,Local,VFR,NorAm,"1,713",,1,,"1,713",
J,J,TMC,OTA,Published,NorAm,"13,978","12,794",5,6,"2,796","2,132"
J,J,Unmanaged,Consumer,Published,NorAm,"10,091","2,859",8,3,"1,261",953
J,J,Unmanaged,Consumer,Published,Other,"12,253","27,695",6,10,"2,042","2,769"
J,J,Unmanaged,Consumer,SME,Other,"2,984",,2,,"1,492",
J,J,Unmanaged,Consumer,SO Net,NorAm,,"2,448",,1,,"2,448"
J,J,Unmanaged,Consumer,SO Net,Other,853,,1,,853,
J,J,Vhols,NULL,IT Net,GB,960,"2,882",2,4,480,721
J,J,Vhols,NULL,Published,GB,"3,942",,7,,563,
W,W,Consumer,Consolidator,Corporate,Other,,384,,1,,384
W,W,Consumer,Consolidator,IT Net,GB,"12,423","10,916",44,36,282,303
W,W,Consumer,Consolidator,IT Net,Other,168,,1,,168,
W,W,Consumer,Consolidator,Published,GB,751,303,1,2,751,152
W,W,Consumer,Consolidator,Published,NorAm,"6,638",302,12,1,553,302
W,W,Consumer,Consolidator,Published,Other,787,"1,414",2,2,394,707
W,W,Consumer,Consolidator,SO Net,GB,"1,553","2,623",7,8,222,328
W,W,Consumer,Consolidator,SO Net,NorAm,"2,003",,5,,401,
W,W,Consumer,Consortia,Published,NorAm,"2,929","2,440",3,4,976,610
W,W,Consumer,OTA,IT Net,GB,"5,284","1,868",21,5,252,374
W,W,Consumer,OTA,Net Fare,NorAm,"1,196","2,411",4,7,299,344
W,W,Consumer,OTA,Published,GB,341,"2,127",2,3,171,709
W,W,Consumer,OTA,Published,NorAm,"10,701","9,974",27,33,396,302
W,W,Consumer,OTA,Published,Other,"8,852","1,164",17,3,521,388
W,W,Consumer,OTA,SO Net,GB,"5,235","3,067",9,15,582,204
W,W,Consumer,OTA,SO Net,NorAm,"1,207","1,887",2,8,604,236
W,W,Consumer,OTA,SO Net,Other,648,444,5,1,130,444
W,W,Consumer,Retail,IT Net,GB,"21,722","13,504",59,43,368,314
W,W,Consumer,Retail,Portal,Other,,300,,1,,300
W,W,Consumer,Retail,Published,GB,"3,584","5,738",5,10,717,574
W,W,Consumer,Retail,Published,NorAm,,"3,201",,12,,267
W,W,Consumer,Retail,Published,Other,,"1,480",,3,,493
W,W,Consumer,Retail,SME,GB,"13,604","1,483",20,1,680,"1,483"
W,W,Consumer,Retail,SO Net,GB,"6,359","5,096",27,15,236,340
W,W,Consumer,Retail,SO Net,NorAm,,"2,102",,4,,526
W,W,Consumer,Retail,SO Net,Other,116,"1,180",1,3,116,393
W,W,Consumer,Retail,Specialist,GB,,900,,1,,900
W,W,Consumer,Student,Specialist,GB,375,,2,,188,
W,W,Consumer,Tour Op / Cruise,IT Net,GB,"2,556","4,545",8,12,319,379
W,W,Consumer,Tour Op / Cruise,Published,NorAm,"1,947","2,480",7,16,278,155
W,W,Consumer,Tour Op / Cruise,SME,GB,447,,1,,447,
W,W,Consumer,Tour Op / Cruise,SO Net,GB,651,,2,,326,
W,W,Consumer,VFR,IT Net,GB,"3,496",,11,,318,
W,W,Consumer,VFR,Published,GB,"1,841","1,968",2,4,921,492
W,W,Consumer,VFR,SO Net,GB,"2,214","3,633",8,12,277,303
W,W,Direct,ATO,Corporate,GB,,"1,103",,2,,551
W,W,Direct,ATO,Published,GB,"1,338",573,2,3,669,191
W,W,Direct,ATO,Published,NorAm,,"1,214",,3,,405
W,W,Direct,ATO,Published,Other,366,,1,,366,
W,W,Direct,ATO,SO Net,Other,,540,,1,,540
W,W,Direct,CTO,Published,GB,"4,457","5,084",12,22,371,231
W,W,Direct,CTO,Published,NorAm,"8,257","10,478",17,25,486,419
W,W,Direct,CTO,Published,Other,713,,2,,357,
W,W,Direct,CTO,SO Net,GB,"1,089",,4,,272,
W,W,Direct,OAL,Corporate,NorAm,,471,,1,,471
W,W,Direct,OAL,Group,NorAm,553,,1,,553,
W,W,Direct,OAL,IT Net,NorAm,991,204,2,1,496,204
W,W,Direct,OAL,Published,NorAm,"89,646","37,700",156,131,575,288
W,W,Direct,OAL,Specialist,NorAm,,204,,1,,204
W,W,Direct,Res,Published,GB,"24,432","23,995",103,89,237,270
W,W,Direct,Res,Published,NorAm,"20,129","20,125",59,92,341,219
W,W,Direct,Staff,Published,GB,89,35,13,3,7,12
W,W,Direct,Staff,SO Net,GB,410,,2,,205,
W,W,Direct,STAFF,SO Net,NorAm,,280,,1,,280
W,W,Direct,Web,Net Fare,NorAm,206,,1,,206,
W,W,Direct,Web,Published,GB,"95,394","83,513",326,261,293,320
W,W,Direct,Web,Published,NorAm,"83,700","108,052",212,288,395,375
W,W,Direct,Web,Published,Other,378,"1,156",1,3,378,385
W,W,Direct,WNS,Published,GB,954,"2,628",4,9,239,292
W,W,Direct,WNS,Published,NorAm,100,102,1,1,100,102
W,W,NULL,NULL,Corporate,NorAm,452,343,1,2,452,172
W,W,NULL,NULL,Net Fare,GB,886,,1,,886,
W,W,NULL,NULL,Published,GB,"1,120",892,5,2,224,446
W,W,NULL,NULL,Published,NorAm,"24,138","9,190",47,28,514,328
W,W,NULL,NULL,Published,Other,"1,950","2,223",4,5,488,445
W,W,NULL,NULL,Specialist,NorAm,235,449,1,1,235,449
W,W,Other,OAL,Published,GB,,"2,231",,5,,446
W,W,Other,OAL,Published,Other,"2,353","3,119",4,5,588,624
W,W,Other,Unknown,Published,GB,"1,509",,2,,755,
W,W,Other,Unknown,Published,Other,,"1,602",,2,,801
W,W,TMC,Consortia,Corporate,GB,"1,900",,2,,950,
W,W,TMC,Consortia,IT Net,GB,,"2,914",,9,,324
W,W,TMC,Consortia,Published,GB,689,"3,917",1,5,689,783
W,W,TMC,Consortia,SME,GB,"3,310","3,745",5,5,662,749
W,W,TMC,Consortia,SO Net,GB,"1,535","3,019",7,8,219,377
W,W,TMC,Consortia,SO Net,Other,,959,,3,,320
W,W,TMC,Global,Corporate,GB,"44,176","37,857",59,55,749,688
W,W,TMC,Global,Corporate,NorAm,"18,910","9,321",23,12,822,777
W,W,TMC,Global,Corporate,Other,,"1,950",,1,,"1,950"
W,W,TMC,Global,Flying Co Too,GB,"2,891",,3,,964,
W,W,TMC,Global,Group,GB,,"4,046",,4,,"1,012"
W,W,TMC,Global,IT Net,GB,,459,,1,,459
W,W,TMC,Global,Published,GB,"45,835","21,205",100,36,458,589
W,W,TMC,Global,Published,NorAm,"27,362","34,732",50,72,547,482
W,W,TMC,Global,Published,Other,"1,061",,2,,531,
W,W,TMC,Global,SME,GB,"49,019","12,075",79,16,620,755
W,W,TMC,Global,SO Net,GB,,230,,1,,230
W,W,TMC,Local,Corporate,GB,"39,092","44,936",71,68,551,661
W,W,TMC,Local,Corporate,NorAm,"1,558",886,2,1,779,886
W,W,TMC,Local,Corporate,Other,"3,813",,4,,953,
W,W,TMC,Local,IT Net,GB,278,"19,198",1,48,278,400
W,W,TMC,Local,IT Net,NorAm,629,"1,890",2,6,314,315
W,W,TMC,Local,Published,GB,"27,016","25,459",67,52,403,490
W,W,TMC,Local,Published,NorAm,"25,525","18,291",49,34,521,538
W,W,TMC,Local,Published,Other,"3,491","6,878",5,10,698,688
W,W,TMC,Local,SME,GB,"49,698","14,883",71,15,700,992
W,W,TMC,Local,SME,Other,432,,1,,432,
W,W,TMC,Local,SO Net,GB,,357,,1,,357
W,W,TMC,Local,SO Net,Other,412,,2,,206,
W,W,TMC,Local,Specialist,GB,"6,162","7,348",22,17,280,432
W,W,TMC,MICE / Groups,IT Net,GB,,"2,359",,2,,"1,180"
W,W,TMC,OTA,Corporate,NorAm,,"1,450",,1,,"1,450"
W,W,TMC,OTA,Published,NorAm,"2,514","2,268",4,5,629,454
W,W,Unmanaged,Consumer,Published,GB,,498,,1,,498
W,W,Unmanaged,Consumer,Published,NorAm,"5,878","2,739",7,4,840,685
W,W,Unmanaged,Consumer,Published,Other,"1,940","5,967",7,9,277,663
W,W,Unmanaged,Consumer,SO Net,NorAm,,191,,1,,191
W,W,Unmanaged,Consumer,SO Net,Other,127,180,1,1,127,180
W,W,Vhols,NULL,IT Net,GB,"7,077","3,617",26,14,272,258
W,W,Vhols,NULL,Published,GB,436,,2,,218,
Y,D,Consumer,Consolidator,IT Net,GB,416,,1,,416,
Y,D,Consumer,OTA,Net Fare,NorAm,998,,4,,250,
Y,D,Consumer,OTA,Published,GB,"1,080",,6,,180,
Y,D,Consumer,OTA,Published,NorAm,"1,588",,7,,227,
Y,D,Consumer,Retail,IT Net,GB,601,,4,,150,
Y,D,Consumer,Retail,SO Net,GB,708,,5,,142,
Y,D,Consumer,Tour Op / Cruise,Published,NorAm,332,,1,,332,
Y,D,Direct,CTO,Published,GB,"1,387",,6,,231,
Y,D,Direct,CTO,Published,NorAm,745,,3,,248,
Y,D,Direct,OAL,Published,NorAm,"8,639",,19,,455,
Y,D,Direct,Res,Published,GB,"6,251",,18,,347,
Y,D,Direct,Res,Published,NorAm,"6,945",,16,,434,
Y,D,Direct,STAFF,SO Net,NorAm,219,,1,,219,
Y,D,Direct,Web,Published,GB,"27,794",,115,,242,
Y,D,Direct,Web,Published,NorAm,"30,335",,95,,319,
Y,D,Direct,WNS,Published,GB,489,,2,,245,
Y,D,NULL,NULL,Specialist,NorAm,237,,1,,237,
Y,D,TMC,Consortia,SME,GB,577,,2,,289,
Y,D,TMC,Global,Corporate,GB,"5,731",,14,,409,
Y,D,TMC,Global,Corporate,NorAm,"3,371",,8,,421,
Y,D,TMC,Global,Published,GB,"3,420",,4,,855,
Y,D,TMC,Global,Published,NorAm,474,,1,,474,
Y,D,TMC,Global,SME,GB,"8,906",,31,,287,
Y,D,TMC,Local,Published,GB,"2,393",,6,,399,
Y,D,TMC,Local,Published,NorAm,"1,308",,5,,262,
Y,D,TMC,Local,SME,GB,"3,902",,12,,325,
Y,D,TMC,Local,Specialist,GB,"5,767",,35,,165,
Y,D,TMC,OTA,Published,NorAm,309,,1,,309,
Y,D,Unmanaged,Consumer,Published,Other,"1,319",,2,,660,
Y,D,Vhols,NULL,IT Net,GB,500,,4,,125,
Y,D,Vhols,NULL,SO Net,GB,322,,2,,161,
Y,L,Consumer,Consolidator,Published,GB,"1,015",,12,,85,
Y,L,Consumer,Consolidator,Published,NorAm,"4,074",,27,,151,
Y,L,Consumer,Consolidator,Published,Other,526,,3,,175,
Y,L,Consumer,Consortia,Published,NorAm,70,,1,,70,
Y,L,Consumer,OTA,Net Fare,NorAm,"3,014",,23,,131,
Y,L,Consumer,OTA,Published,GB,"7,458",,63,,118,
Y,L,Consumer,OTA,Published,NorAm,"32,921",,247,,133,
Y,L,Consumer,OTA,Published,Other,"4,209",,39,,108,
Y,L,Consumer,Retail,Published,GB,"2,294",,20,,115,
Y,L,Consumer,Retail,Published,NorAm,577,,4,,144,
Y,L,Consumer,Student,Published,GB,139,,2,,70,
Y,L,Consumer,Student,Published,NorAm,"1,778",,16,,111,
Y,L,Consumer,Tour Op / Cruise,Published,GB,280,,4,,70,
Y,L,Consumer,Tour Op / Cruise,Published,Other,271,,2,,136,
Y,L,Consumer,VFR,Published,GB,"6,776",,64,,106,
Y,L,Direct,ATO,Published,GB,146,,1,,146,
Y,L,Direct,ATO,Published,NorAm,96,,1,,96,
Y,L,Direct,CTO,Published,GB,591,,3,,197,
Y,L,Direct,CTO,Published,NorAm,"1,456",,9,,162,
Y,L,Direct,OAL,Published,NorAm,"27,144",,211,,129,
Y,L,Direct,Res,Published,GB,706,,12,,59,
Y,L,Direct,Res,Published,NorAm,"3,573",,26,,137,
Y,L,Direct,Web,Published,GB,"19,212",,171,,112,
Y,L,Direct,Web,Published,NorAm,"25,683",,192,,134,
Y,L,NULL,NULL,Published,GB,"1,554",,13,,120,
Y,L,NULL,NULL,Published,NorAm,"17,919",,126,,142,
Y,L,Other,GSA,Published,Other,348,,2,,174,
Y,L,TMC,Consortia,Published,GB,501,,5,,100,
Y,L,TMC,Global,Corporate,NorAm,"1,188",,8,,149,
Y,L,TMC,Global,Published,GB,"3,374",,24,,141,
Y,L,TMC,Global,Published,NorAm,"1,429",,9,,159,
Y,L,TMC,Local,Published,GB,"1,499",,13,,115,
Y,L,TMC,Local,Published,NorAm,"1,300",,8,,162,
Y,L,TMC,Local,Published,Other,"1,386",,7,,198,
Y,L,TMC,OTA,Published,NorAm,640,,5,,128,
Y,L,Unmanaged,Consumer,Corporate,NorAm,437,,2,,219,
Y,L,Unmanaged,Consumer,Published,Other,634,,6,,106,
Y,Y,Consumer,Consolidator,Corporate,Other,115,,1,,115,
Y,Y,Consumer,Consolidator,Group,GB,"4,758","41,582",26,173,183,240
Y,Y,Consumer,Consolidator,IT Net,GB,"10,380","16,643",55,106,189,157
Y,Y,Consumer,Consolidator,IT Net,Other,,412,,2,,206
Y,Y,Consumer,Consolidator,Published,GB,713,"2,359",1,13,713,181
Y,Y,Consumer,Consolidator,Published,NorAm,"40,950","42,341",234,300,175,141
Y,Y,Consumer,Consolidator,Published,Other,"2,461","2,258",18,11,137,205
Y,Y,Consumer,Consolidator,SO Net,GB,"4,221","3,184",26,26,162,122
Y,Y,Consumer,Consolidator,SO Net,NorAm,"7,540","15,443",44,104,171,148
Y,Y,Consumer,Consolidator,SO Net,Other,,76,,1,,76
Y,Y,Consumer,Consortia,Published,NorAm,"2,941",785,13,3,226,262
Y,Y,Consumer,Local,Published,Other,,197,,1,,197
Y,Y,Consumer,MICE / Groups,Published,Other,,723,,3,,241
Y,Y,Consumer,OTA,Corporate,Other,303,138,2,1,151,138
Y,Y,Consumer,OTA,IT Net,GB,"1,626","4,811",8,26,203,185
Y,Y,Consumer,OTA,IT Net,NorAm,,"1,188",,6,,198
Y,Y,Consumer,OTA,IT Net,Other,"1,492",797,10,6,149,133
Y,Y,Consumer,OTA,Net Fare,NorAm,"4,998","40,804",26,231,192,177
Y,Y,Consumer,OTA,Net Fare,Other,,332,,2,,166
Y,Y,Consumer,OTA,Published,GB,"6,533","6,195",36,23,181,269
Y,Y,Consumer,OTA,Published,NorAm,"92,477","143,123",561,925,165,155
Y,Y,Consumer,OTA,Published,Other,"21,785","11,775",142,75,153,157
Y,Y,Consumer,OTA,SO Net,GB,"2,192","10,595",4,58,548,183
Y,Y,Consumer,OTA,SO Net,NorAm,"14,991","41,397",85,284,176,146
Y,Y,Consumer,OTA,SO Net,Other,"2,459","3,307",24,26,102,127
Y,Y,Consumer,OTA,Specialist,NorAm,138,,1,,138,
Y,Y,Consumer,Retail,Group,GB,"2,382",,12,,199,
Y,Y,Consumer,Retail,IT Net,GB,"10,724","11,521",40,65,268,177
Y,Y,Consumer,Retail,IT Net,Other,241,58,4,1,60,58
Y,Y,Consumer,Retail,Net Fare,GB,280,681,1,4,280,170
Y,Y,Consumer,Retail,Net Fare,Other,,420,,2,,210
Y,Y,Consumer,Retail,Published,GB,545,"3,566",3,20,182,178
Y,Y,Consumer,Retail,Published,NorAm,"3,858","17,558",23,114,168,154
Y,Y,Consumer,Retail,Published,Other,"2,193","1,017",9,9,244,113
Y,Y,Consumer,Retail,SME,GB,"4,097","3,140",12,7,341,449
Y,Y,Consumer,Retail,SME,Other,614,,7,,88,
Y,Y,Consumer,Retail,SO Net,GB,"8,525","8,604",52,49,164,176
Y,Y,Consumer,Retail,SO Net,NorAm,741,"1,091",6,7,123,156
Y,Y,Consumer,Retail,SO Net,Other,"2,732","2,825",27,20,101,141
Y,Y,Consumer,Retail,Specialist,GB,"2,020","2,289",14,13,144,176
Y,Y,Consumer,Student,Group,GB,,"1,518",,12,,127
Y,Y,Consumer,Student,Published,GB,,"3,636",,27,,135
Y,Y,Consumer,Student,Published,NorAm,"5,020","2,453",30,21,167,117
Y,Y,Consumer,Student,Published,Other,516,,5,,103,
Y,Y,Consumer,Student,SO Net,GB,927,"1,178",6,7,155,168
Y,Y,Consumer,Student,SO Net,NorAm,"1,089",402,6,4,181,101
Y,Y,Consumer,Student,Specialist,GB,"1,150","2,750",9,19,128,145
Y,Y,Consumer,Tour Op / Cruise,IT Net,GB,330,743,2,5,165,149
Y,Y,Consumer,Tour Op / Cruise,IT Net,Other,,790,,6,,132
Y,Y,Consumer,Tour Op / Cruise,Published,NorAm,"6,724","5,572",40,49,168,114
Y,Y,Consumer,Tour Op / Cruise,Published,Other,332,408,2,4,166,102
Y,Y,Consumer,Tour Op / Cruise,SME,GB,,502,,1,,502
Y,Y,Consumer,Tour Op / Cruise,SO Net,GB,372,,2,,186,
Y,Y,Consumer,Tour Op / Cruise,SO Net,NorAm,,"2,469",,16,,154
Y,Y,Consumer,Tour Op / Cruise,SO Net,Other,60,,1,,60,
Y,Y,Consumer,Travel Industry,Specialist,GB,680,,4,,170,
Y,Y,Consumer,Unmanaged,Published,Other,387,,2,,193,
Y,Y,Consumer,VFR,IT Net,GB,"10,675","3,147",66,16,162,197
Y,Y,Consumer,VFR,Published,GB,140,"19,225",1,115,140,167
Y,Y,Consumer,VFR,SME,GB,120,,1,,120,
Y,Y,Consumer,VFR,SO Net,GB,"2,927","5,824",23,39,127,149
Y,Y,Consumer,VFR,Specialist,GB,264,,3,,88,
Y,Y,Consumer,VFR,VFR,GB,,168,,1,,168
Y,Y,Direct,ATO,Corporate,GB,,715,,2,,358
Y,Y,Direct,ATO,IT Net,GB,,103,,1,,103
Y,Y,Direct,ATO,Published,GB,204,"5,162",2,24,102,215
Y,Y,Direct,ATO,Published,NorAm,"2,202","4,722",9,24,245,197
Y,Y,Direct,ATO,SO Net,GB,320,523,2,4,160,131
Y,Y,Direct,ATO,SO Net,NorAm,332,784,3,5,111,157
Y,Y,Direct,CTO,Corporate,NorAm,244,,1,,244,
Y,Y,Direct,CTO,Published,GB,"2,041","3,843",14,24,146,160
Y,Y,Direct,CTO,Published,NorAm,"2,433","11,658",13,70,187,167
Y,Y,Direct,CTO,Published,Other,570,"1,605",3,7,190,229
Y,Y,Direct,CTO,SO Net,GB,320,,2,,160,
Y,Y,Direct,CTO,SO Net,NorAm,,85,,1,,85
Y,Y,Direct,CTO,SO Net,Other,113,,1,,113,
Y,Y,Direct,OAL,Corporate,NorAm,"1,293",,2,,647,
Y,Y,Direct,OAL,Group,NorAm,,"1,110",,6,,185
Y,Y,Direct,OAL,IT Net,NorAm,355,138,2,2,178,69
Y,Y,Direct,OAL,Published,NorAm,"102,376","58,663",460,618,223,95
Y,Y,Direct,OAL,SO Net,NorAm,369,"1,453",1,3,369,484
Y,Y,Direct,OAL,SO Net Type L,NorAm,,185,,1,,185
Y,Y,Direct,OAL,Specialist,NorAm,,175,,1,,175
Y,Y,Direct,Res,Published,GB,"11,709","17,772",88,90,133,197
Y,Y,Direct,Res,Published,NorAm,"25,517","39,008",141,211,181,185
Y,Y,Direct,Res,SO Net,GB,,97,,1,,97
Y,Y,Direct,Res,SO Net,NorAm,,132,,1,,132
Y,Y,Direct,Res,SO Net,Other,,413,,2,,207
Y,Y,Direct,Staff,Mates,GB,285,,2,,143,
Y,Y,Direct,Staff,Published,GB,504,444,29,117,17,4
Y,Y,Direct,Staff,SO Net,GB,160,"1,596",1,8,160,200
Y,Y,Direct,STAFF,Published,GB,235,,2,,117,
Y,Y,Direct,STAFF,Published,NorAm,,0,,2,,0
Y,Y,Direct,STAFF,SO Net,NorAm,136,320,1,3,136,107
Y,Y,Direct,Web,Net Fare,NorAm,176,,1,,176,
Y,Y,Direct,Web,Published,GB,"44,217","72,350",325,327,136,221
Y,Y,Direct,Web,Published,NorAm,"102,688","116,484",517,543,199,215
Y,Y,Direct,Web,Published,Other,245,936,1,5,245,187
Y,Y,Direct,WNS,Corporate,GB,,337,,1,,337
Y,Y,Direct,WNS,Published,GB,100,647,1,2,100,324
Y,Y,Direct,WNS,Published,NorAm,246,"5,252",1,40,246,131
Y,Y,NULL,NULL,Corporate,NorAm,,804,,1,,804
Y,Y,NULL,NULL,Net Fare,GB,,823,,3,,274
Y,Y,NULL,NULL,Published,GB,"3,310","3,963",20,19,165,209
Y,Y,NULL,NULL,Published,NorAm,"73,490","56,270",348,395,211,142
Y,Y,NULL,NULL,Published,Other,"1,716","5,051",14,24,123,210
Y,Y,NULL,NULL,SO Net,Other,"5,486",118,28,2,196,59
Y,Y,NULL,NULL,Specialist,NorAm,"1,506",719,9,4,167,180
Y,Y,Other,OAL,Published,GB,80,"2,457",1,11,80,223
Y,Y,Other,OAL,Published,Other,628,"1,158",5,7,126,165
Y,Y,Other,Unknown,Published,GB,,"1,906",,13,,147
Y,Y,Other,Unknown,Published,NorAm,"2,914",412,18,20,162,21
Y,Y,Other,Unknown,Specialist,GB,353,,1,,353,
Y,Y,TMC,Consortia,IT Net,GB,,533,,4,,133
Y,Y,TMC,Consortia,Published,GB,76,970,1,2,76,485
Y,Y,TMC,Consortia,Published,NorAm,,286,,2,,143
Y,Y,TMC,Consortia,Published,Other,178,"1,096",1,5,178,219
Y,Y,TMC,Consortia,SME,GB,"3,732",524,14,1,267,524
Y,Y,TMC,Consortia,SO Net,GB,690,299,4,2,173,149
Y,Y,TMC,Consortia,SO Net,Other,"1,499","1,286",8,7,187,184
Y,Y,TMC,Global,Corporate,GB,"97,301","88,475",271,249,359,355
Y,Y,TMC,Global,Corporate,NorAm,"20,866","13,780",51,30,409,459
Y,Y,TMC,Global,Corporate,Other,192,,1,,192,
Y,Y,TMC,Global,Flying Co Too,GB,807,,1,,807,
Y,Y,TMC,Global,Group,GB,,"7,172",,41,,175
Y,Y,TMC,Global,IT Net,GB,,910,,7,,130
Y,Y,TMC,Global,IT Net,NorAm,218,,1,,218,
Y,Y,TMC,Global,Published,GB,"4,330","9,348",20,31,216,302
Y,Y,TMC,Global,Published,NorAm,"44,894","37,550",168,119,267,316
Y,Y,TMC,Global,Published,Other,"2,855","1,127",11,5,260,225
Y,Y,TMC,Global,SME,GB,"56,413","17,361",197,46,286,377
Y,Y,TMC,Global,SO Net,GB,,"1,874",,11,,170
Y,Y,TMC,Local,Corporate,GB,"17,209","3,011",42,8,410,376
Y,Y,TMC,Local,Corporate,NorAm,"6,890",,12,,574,
Y,Y,TMC,Local,Group,GB,,"7,647",,41,,187
Y,Y,TMC,Local,Group,NorAm,,27,,1,,27
Y,Y,TMC,Local,IT Net,GB,"1,368","3,869",9,21,152,184
Y,Y,TMC,Local,IT Net,NorAm,,124,,1,,124
Y,Y,TMC,Local,IT Net,Other,,233,,2,,116
Y,Y,TMC,Local,Net Fare,NorAm,314,,1,,314,
Y,Y,TMC,Local,Published,GB,"17,885","17,515",51,47,351,373
Y,Y,TMC,Local,Published,NorAm,"51,131","38,881",164,158,312,246
Y,Y,TMC,Local,Published,Other,"8,367","10,419",31,28,270,372
Y,Y,TMC,Local,SME,GB,"25,461","7,725",72,14,354,552
Y,Y,TMC,Local,SME,Other,393,,1,,393,
Y,Y,TMC,Local,SO Net,NorAm,"1,077",,4,,269,
Y,Y,TMC,Local,SO Net,Other,470,425,3,4,157,106
Y,Y,TMC,Local,Specialist,GB,"20,732","16,599",122,95,170,175
Y,Y,TMC,Local,Specialist,NorAm,"1,187",,2,,593,
Y,Y,TMC,MICE / Groups,Group,GB,"2,534","44,769",28,235,91,191
Y,Y,TMC,MICE / Groups,Published,GB,,"1,195",,1,,"1,195"
Y,Y,TMC,MICE / Groups,SO Net,GB,"3,190",,19,,168,
Y,Y,TMC,OTA,Published,NorAm,"3,999","3,145",9,7,444,449
Y,Y,TMC,OTA,Published,Other,"1,171",,3,,390,
Y,Y,Unmanaged,Consumer,Corporate,NorAm,"1,134",,3,,378,
Y,Y,Unmanaged,Consumer,Published,GB,277,,1,,277,
Y,Y,Unmanaged,Consumer,Published,NorAm,"1,990","5,727",7,28,284,205
Y,Y,Unmanaged,Consumer,Published,Other,"9,556","10,899",46,45,208,242
Y,Y,Unmanaged,Consumer,SO Net,Other,572,625,3,3,191,208
Y,Y,Unmanaged,Consumer,Specialist,GB,368,490,1,2,368,245
Y,Y,Vhols,NULL,Group,GB,"11,634","7,337",72,58,162,127
Y,Y,Vhols,NULL,IT Net,GB,"4,435","10,157",25,64,177,159
Y,Y,Vhols,NULL,Published,GB,436,588,2,3,218,196